Item,Listed now (N),In how many boxes,Where to look,REAL PRICE (fill in),Why it is still a guess
Greeting card,2900,7,Novare Mall,,"Only online card listing was N4,000, dearer than ours"
"Cupcakes, 6",6900,2,Market Square or an Ajah home baker,,"No live 6 pack found. Home bakers N1,000-1,700 a cupcake"
Tray of sweets,5800,2,Market Square,,No listing found
Broom and dustpan,3500,3,Sangotedo market,,"Jumia listings exist, prices did not load"
"Cutlery, set of 4",4000,2,Sangotedo market,,No priced listing loaded
Dishwashing sponge,600,4,Local Market,,No listing found
Bath sponge,900,2,Market Square,,No listing found
"Plasters, pack",1700,1,A pharmacy,,"Jumia listings exist, prices did not load"
Single rose,4600,0,A florist in Lekki or Ajah,,No single stem listing found
